"url","category","subcategory","product_number"
"http://www.centralhobbies.com/control_linkage/pushrod1.htm","Control Linkage","Pushrods","CHMROD12"
"http://www.centralhobbies.com/control_linkage/pushrod1.htm","Control Linkage","Pushrods","CHMROD24"
"http://www.centralhobbies.com/control_linkage/pushrod1.htm","Control Linkage","Pushrods","CHMROD35"
"http://www.centralhobbies.com/control_linkage/pushrod1.htm","Control Linkage","Pushrods","CHMROD36"
"http://www.centralhobbies.com/control_linkage/pushrod1.htm","Control Linkage","Pushrods","CHMROD38"
"http://www.centralhobbies.com/control_linkage/pushrod1.htm","Control Linkage","Pushrods","CHMROD48"
"http://www.centralhobbies.com/control_linkage/pushrod2.htm","Control Linkage","Pushrod Sets","CHMPRS24T2"
"http://www.centralhobbies.com/control_linkage/pushrod2.htm","Control Linkage","Pushrod Sets","CHMPRS24T4"
"http://www.centralhobbies.com/control_linkage/pushrod2.htm","Control Linkage","Pushrod Sets","CHMPRS24M2"
"http://www.centralhobbies.com/control_linkage/pushrod2.htm","Control Linkage","Pushrod Sets","CHMPS24M25"
"http://www.centralhobbies.com/control_linkage/pushrod2.htm","Control Linkage","Pushrod Sets","CHMPRS24M3"
"http://www.centralhobbies.com/control_linkage/pushrod2.htm","Control Linkage","Pushrod Sets","CHMPRS35M2"
"http://www.centralhobbies.com/control_linkage/pushrod2.htm","Control Linkage","Pushrod Sets","CHMPS35M25"
"http://www.centralhobbies.com/control_linkage/pushrod2.htm","Control Linkage","Pushrod Sets","CHMPRS35T2"
"http://www.centralhobbies.com/control_linkage/pushrod2.htm","Control Linkage","Pushrod Sets","CHMPS36M25"
"http://www.centralhobbies.com/control_linkage/pushrod2.htm","Control Linkage","Pushrod Sets","CHMPRS36M3"
"http://www.centralhobbies.com/control_linkage/pushrod2.htm","Control Linkage","Pushrod Sets","CHMPRS36T4"
"http://www.centralhobbies.com/control_linkage/pushrod2.htm","Control Linkage","Pushrod Sets","CHMPRS38M3"
"http://www.centralhobbies.com/control_linkage/pushrod2.htm","Control Linkage","Pushrod Sets","CHMPRS38T6"
"http://www.centralhobbies.com/control_linkage/pushrod2.htm","Control Linkage","Pushrod Sets","CHMPRS38T4"
"http://centralhobbies.com/dubro/dubro001.htm","Dubro Products","Dubro Products","DUB102"
"http://centralhobbies.com/dubro/dubro001.htm","Dubro Products","Dubro Products","DUB108"
"http://centralhobbies.com/dubro/dubro001.htm","Dubro Products","Dubro Products","DUB109"
"http://centralhobbies.com/dubro/dubro001.htm","Dubro Products","Dubro Products","DUB112"
"http://centralhobbies.com/dubro/dubro001.htm","Dubro Products","Dubro Products","DUB113"
"http://centralhobbies.com/dubro/dubro001.htm","Dubro Products","Dubro Products","DUB120"
"http://centralhobbies.com/dubro/dubro001.htm","Dubro Products","Dubro Products","DUB121"
"http://centralhobbies.com/dubro/dubro001.htm","Dubro Products","Dubro Products","DUB122"
"http://centralhobbies.com/dubro/dubro001.htm","Dubro Products","Dubro Products","DUB123"
"http://centralhobbies.com/dubro/dubro001.htm","Dubro Products","Dubro Products","DUB144"
"http://centralhobbies.com/dubro/dubro001.htm","Dubro Products","Dubro Products","DUB145"
"http://centralhobbies.com/dubro/dubro001.htm","Dubro Products","Dubro Products","DUB152"
"http://centralhobbies.com/dubro/dubro001.htm","Dubro Products","Dubro Products","DUB153"
"http://centralhobbies.com/dubro/dubro001.htm","Dubro Products","Dubro Products","DUB154"
"http://centralhobbies.com/dubro/dubro001.htm","Dubro Products","Dubro Products","DUB156"
"http://centralhobbies.com/dubro/dubro001.htm","Dubro Products","Dubro Products","DUB158"
"http://centralhobbies.com/dubro/dubro002.htm","Dubro Products","Dubro Products","DUB163"
"http://centralhobbies.com/dubro/dubro002.htm","Dubro Products","Dubro Products","DUB165"
"http://centralhobbies.com/dubro/dubro002.htm","Dubro Products","Dubro Products","DUB166"
"http://centralhobbies.com/dubro/dubro002.htm","Dubro Products","Dubro Products","DUB167"
"http://centralhobbies.com/dubro/dubro002.htm","Dubro Products","Dubro Products","DUB172"
"http://centralhobbies.com/dubro/dubro002.htm","Dubro Products","Dubro Products","DUB173"
"http://centralhobbies.com/dubro/dubro002.htm","Dubro Products","Dubro Products","DUB180"
"http://centralhobbies.com/dubro/dubro002.htm","Dubro Products","Dubro Products","DUB181"
"http://centralhobbies.com/dubro/dubro002.htm","Dubro Products","Dubro Products","DUB183"
"http://centralhobbies.com/dubro/dubro002.htm","Dubro Products","Dubro Products","DUB186"
"http://centralhobbies.com/dubro/dubro002.htm","Dubro Products","Dubro Products","DUB188"
"http://centralhobbies.com/dubro/dubro002.htm","Dubro Products","Dubro Products","DUB189"
"http://centralhobbies.com/dubro/dubro002.htm","Dubro Products","Dubro Products","DUB190"
"http://centralhobbies.com/dubro/dubro002.htm","Dubro Products","Dubro Products","DUB192"
"http://centralhobbies.com/dubro/dubro002.htm","Dubro Products","Dubro Products","DUB202"
"http://centralhobbies.com/dubro/dubro002.htm","Dubro Products","Dubro Products","DUB203"
"http://centralhobbies.com/dubro/dubro002.htm","Dubro Products","Dubro Products","DUB205"
"http://centralhobbies.com/dubro/dubro002.htm","Dubro Products","Dubro Products","DUB207"
"http://centralhobbies.com/dubro/dubro002.htm","Dubro Products","Dubro Products","DUB241"
"http://centralhobbies.com/dubro/dubro002.htm","Dubro Products","Dubro Products","DUB255"
"http://centralhobbies.com/dubro/dubro002.htm","Dubro Products","Dubro Products","DUB255"
"http://centralhobbies.com/dubro/dubro002.htm","Dubro Products","Dubro Products","DUB300"
"http://centralhobbies.com/dubro/dubro002.htm","Dubro Products","Dubro Products","DUB301"
"http://centralhobbies.com/dubro/dubro002.htm","Dubro Products","Dubro Products","DUB302"
"http://centralhobbies.com/dubro/dubro002.htm","Dubro Products","Dubro Products","DUB303"
"http://centralhobbies.com/dubro/dubro002.htm","Dubro Products","Dubro Products","DUB304"
"http://centralhobbies.com/dubro/dubro002.htm","Dubro Products","Dubro Products","DUB305"
"http://centralhobbies.com/dubro/dubro002.htm","Dubro Products","Dubro Products","DUB306"
"http://centralhobbies.com/dubro/dubro002.htm","Dubro Products","Dubro Products","DUB307"
"http://centralhobbies.com/dubro/dubro002.htm","Dubro Products","Dubro Products","DUB343"
"http://centralhobbies.com/dubro/dubro002.htm","Dubro Products","Dubro Products","DUB344"
"http://centralhobbies.com/dubro/dubro002.htm","Dubro Products","Dubro Products","DUB348"
"http://centralhobbies.com/dubro/dubro002.htm","Dubro Products","Dubro Products","DUB349"
"http://centralhobbies.com/dubro/dubro002.htm","Dubro Products","Dubro Products","DUB608"
"http://centralhobbies.com/dubro/dubro002.htm","Dubro Products","Dubro Products","DUB609"
"http://centralhobbies.com/dubro/dubro002.htm","Dubro Products","Dubro Products","DUB633"
"http://centralhobbies.com/dubro/dubro002.htm","Dubro Products","Dubro Products","DUB659"
"http://centralhobbies.com/dubro/dubro002.htm","Dubro Products","Dubro Products","DUB660"
"http://centralhobbies.com/dubro/dubro002.htm","Dubro Products","Dubro Products","DUB664"
"http://centralhobbies.com/dubro/dubro002.htm","Dubro Products","Dubro Products","DUB665"
"http://centralhobbies.com/dubro/dubro002.htm","Dubro Products","Dubro Products","DUB815"
"http://centralhobbies.com/dubro/dubro002.htm","Dubro Products","Dubro Products","DUB817"
"http://centralhobbies.com/dubro/dubro002.htm","Dubro Products","Dubro Products","DUB819"
"http://centralhobbies.com/dubro/dubro002.htm","Dubro Products","Dubro Products","DUB821"
"http://centralhobbies.com/dubro/dubro002.htm","Dubro Products","Dubro Products","DUB825"
"http://centralhobbies.com/dubro/dubro002.htm","Dubro Products","Dubro Products","DUB830"
"http://centralhobbies.com/dubro/dubro002.htm","Dubro Products","Dubro Products","DUB883"
"http://centralhobbies.com/dubro/dubro002.htm","Dubro Products","Dubro Products","DUB916"
"http://www.centralhobbies.com/control_linkage/pushrod3.htm","Control Linkage","Pushrod Ends","CHMPRE24T2"
"http://www.centralhobbies.com/control_linkage/pushrod3.htm","Control Linkage","Pushrod Ends","CHMPRE24T4"
"http://www.centralhobbies.com/control_linkage/pushrod3.htm","Control Linkage","Pushrod Ends","CHMPRE24M2"
"http://www.centralhobbies.com/control_linkage/pushrod3.htm","Control Linkage","Pushrod Ends","CHMPE24M25"
"http://www.centralhobbies.com/control_linkage/pushrod3.htm","Control Linkage","Pushrod Ends","CHMPE24M3"
"http://www.centralhobbies.com/control_linkage/pushrod3.htm","Control Linkage","Pushrod Ends","CHMPRE35T2"
"http://www.centralhobbies.com/control_linkage/pushrod3.htm","Control Linkage","Pushrod Ends","CHMPRE35M2"
"http://www.centralhobbies.com/control_linkage/pushrod3.htm","Control Linkage","Pushrod Ends","CHMPRE35M25"
"http://www.centralhobbies.com/control_linkage/pushrod3.htm","Control Linkage","Pushrod Ends","CHMPRE36M25"
"http://www.centralhobbies.com/control_linkage/pushrod3.htm","Control Linkage","Pushrod Ends","CHMPRE36M3"
"http://www.centralhobbies.com/control_linkage/pushrod3.htm","Control Linkage","Pushrod Ends","CHMPRE36T4"
"http://www.centralhobbies.com/control_linkage/pushrod3.htm","Control Linkage","Pushrod Ends","CHMPRE38M3"
"http://www.centralhobbies.com/control_linkage/pushrod3.htm","Control Linkage","Pushrod Ends","CHMPRE38T6"
"http://www.centralhobbies.com/control_linkage/pushrod3.htm","Control Linkage","Pushrod Ends","CHMPRE38T4"
"http://centralhobbies.com/dubro/dubro003.htm","Dubro Products","Dubro Products","DUB847"
"http://centralhobbies.com/dubro/dubro003.htm","Dubro Products","Dubro Products","DUB854"
"http://centralhobbies.com/dubro/dubro003.htm","Dubro Products","Dubro Products","DUB868"
"http://centralhobbies.com/dubro/dubro003.htm","Dubro Products","Dubro Products","DUB915"
"http://centralhobbies.com/dubro/dubro003.htm","Dubro Products","Dubro Products","DUB916"
"http://centralhobbies.com/dubro/dubro003.htm","Dubro Products","Dubro Products","DUB917"
"http://centralhobbies.com/dubro/dubro003.htm","Dubro Products","Dubro Products","DUB918"
"http://centralhobbies.com/dubro/dubro003.htm","Dubro Products","Dubro Products","DUB919"
"http://centralhobbies.com/dubro/dubro003.htm","Dubro Products","Dubro Products","DUB920"
"http://centralhobbies.com/dubro/dubro003.htm","Dubro Products","Dubro Products","DUB921"
"http://centralhobbies.com/dubro/dubro003.htm","Dubro Products","Dubro Products","DUB922"
"http://www.centralhobbies.com/control_linkage/rodendadjuster.htm","Control Linkage","Rod End Adjusters","MKD0806"
"http://www.centralhobbies.com/control_linkage/rodendadjuster.htm","Control Linkage","Rod End Adjusters","MKD0891"
"http://www.centralhobbies.com/control_linkage/rodendadjuster.htm","Control Linkage","Rod End Adjusters","MKD0891-3"
"http://www.centralhobbies.com/control_linkage/rodendadjuster.htm","Control Linkage","Rod End Adjusters","MKD0889-3"
"http://www.centralhobbies.com/control_linkage/rodendadjuster.htm","Control Linkage","Rod End Adjusters","MKD0891-33"
"http://www.centralhobbies.com/control_linkage/rodendadjuster.htm","Control Linkage","Rod End Adjusters","TET2501"
"http://centralhobbies.com/dubro/dubro004.htm","Dubro Products","Dubro Products","DUB854"
"http://centralhobbies.com/dubro/dubro004.htm","Dubro Products","Dubro Products","DUB868"
"http://centralhobbies.com/dubro/dubro004.htm","Dubro Products","Dubro Products","DUB915"
"http://centralhobbies.com/dubro/dubro004.htm","Dubro Products","Dubro Products","DUB916"
"http://centralhobbies.com/dubro/dubro004.htm","Dubro Products","Dubro Products","DUB917"
"http://centralhobbies.com/dubro/dubro004.htm","Dubro Products","Dubro Products","DUB918"
"http://centralhobbies.com/dubro/dubro004.htm","Dubro Products","Dubro Products","DUB919"
"http://centralhobbies.com/dubro/dubro004.htm","Dubro Products","Dubro Products","DUB920"
"http://centralhobbies.com/dubro/dubro004.htm","Dubro Products","Dubro Products","DUB921"
"http://centralhobbies.com/dubro/dubro004.htm","Dubro Products","Dubro Products","DUB922"
"http://centralhobbies.com/dubro/dubro004.htm","Dubro Products","Dubro Products","DUB923"
"http://centralhobbies.com/dubro/dubro004.htm","Dubro Products","Dubro Products","DUB924"
"http://centralhobbies.com/dubro/dubro004.htm","Dubro Products","Dubro Products","DUB930"
"http://centralhobbies.com/dubro/dubro004.htm","Dubro Products","Dubro Products","DUB931"
"http://centralhobbies.com/dubro/dubro004.htm","Dubro Products","Dubro Products","DUB932"
"http://centralhobbies.com/dubro/dubro004.htm","Dubro Products","Dubro Products","DUB933"
"http://www.centralhobbies.com/radiosNservos/Servoarms.html","Control Linkage","Servo Arms","DUB670"
"http://www.centralhobbies.com/radiosNservos/Servoarms.html","Control Linkage","Servo Arms","DUB671"
"http://www.centralhobbies.com/radiosNservos/Servoarms.html","Control Linkage","Servo Arms","DUB672"
"http://www.centralhobbies.com/radiosNservos/Servoarms.html","Control Linkage","Servo Arms","DUB673"
"http://www.centralhobbies.com/radiosNservos/Servoarms.html","Control Linkage","Servo Arms","DUB674"
"http://www.centralhobbies.com/radiosNservos/Servoarms.html","Control Linkage","Servo Arms","DUB675"
"http://www.centralhobbies.com/radiosNservos/Servoarms.html","Control Linkage","Servo Arms","DUB3340"
"http://www.centralhobbies.com/radiosNservos/Servoarms.html","Control Linkage","Servo Arms","DUB3341"
"http://www.centralhobbies.com/radiosNservos/Servoarms.html","Control Linkage","Servo Arms","DUB3342"
"http://www.centralhobbies.com/radiosNservos/Servoarms.html","Control Linkage","Servo Arms","DUB3343"
"http://www.centralhobbies.com/radiosNservos/Servoarms.html","Control Linkage","Servo Arms","CHS030A"
"http://www.centralhobbies.com/radiosNservos/Servoarms.html","Control Linkage","Servo Arms","CHS032A"
"http://www.centralhobbies.com/radiosNservos/Servoarms.html","Control Linkage","Servo Arms","CHS031A"
"http://www.centralhobbies.com/radiosNservos/Servoarms.html","Control Linkage","Servo Arms","CHS033A"
"http://www.centralhobbies.com/radiosNservos/Servoarms.html","Control Linkage","Servo Arms","han9151"
"http://www.centralhobbies.com/radiosNservos/Servoarms.html","Control Linkage","Servo Arms","han9153"
"http://www.centralhobbies.com/radiosNservos/Servoarms.html","Control Linkage","Servo Arms","han9156"
"http://www.centralhobbies.com/radiosNservos/Servoarms.html","Control Linkage","Servo Arms","han9157"
"http://www.centralhobbies.com/radiosNservos/Servoarms.html","Control Linkage","Servo Arms","han9159"
"http://www.centralhobbies.com/radiosNservos/Servoarms.html","Control Linkage","Servo Arms","ROC96"
"http://www.centralhobbies.com/radiosNservos/Servoarms.html","Control Linkage","Servo Arms","ROC104"
"http://www.centralhobbies.com/radiosNservos/Servoarms.html","Control Linkage","Servo Arms","NHSSSA125"
"http://www.centralhobbies.com/radiosNservos/Servoarms.html","Control Linkage","Servo Arms","ROC77E"
"http://www.centralhobbies.com/radiosNservos/Servoarms.html","Control Linkage","Servo Arms","ROC103C"
"http://www.centralhobbies.com/radiosNservos/Servoarms.html","Control Linkage","Servo Arms","ROC69B"
"http://www.centralhobbies.com/control_linkage/sullivan%20cables%20rods.htm","Control Linkage","Sullivan rods and cables","SUL521"
"http://www.centralhobbies.com/control_linkage/sullivan%20cables%20rods.htm","Control Linkage","Sullivan rods and cables","SUL507"
"http://www.centralhobbies.com/control_linkage/sullivan%20cables%20rods.htm","Control Linkage","Sullivan rods and cables","SUL508"
"http://www.centralhobbies.com/control_linkage/sullivan%20cables%20rods.htm","Control Linkage","Sullivan rods and cables","SUL577"
"http://www.centralhobbies.com/control_linkage/sullivan%20cables%20rods.htm","Control Linkage","Sullivan rods and cables","SUL503"
"http://www.centralhobbies.com/control_linkage/sullivan%20cables%20rods.htm","Control Linkage","Sullivan rods and cables","SUL505"
"http://www.centralhobbies.com/control_linkage/sullivan%20cables%20rods.htm","Control Linkage","Sullivan rods and cables","SUL506"
"http://www.centralhobbies.com/control_linkage/sullivan%20cables%20rods.htm","Control Linkage","Sullivan rods and cables","SUL573"
"http://www.centralhobbies.com/Electrical/charge_jack/chargjk.html","Electrical","Charge Jacks","DUB207"
"http://www.centralhobbies.com/Electrical/charge_jack/chargjk.html","Electrical","Charge Jacks","ERN124"
"http://www.centralhobbies.com/Electrical/charge_jack/chargjk.html","Electrical","Charge Jacks","ERN147"
"http://www.centralhobbies.com/Electrical/charge_jack/chargjk.html","Electrical","Charge Jacks","GPMM1000"
"http://newsite.centralhobbies.com/rc_plane/plane_electrical/glowdrivers.html","Electrical","Glow Drivers","RCALIGP04"
"http://newsite.centralhobbies.com/rc_plane/plane_electrical/glowdrivers.html","Electrical","Glow Drivers","MCD505"
"http://newsite.centralhobbies.com/rc_plane/plane_electrical/glowdrivers.html","Electrical","Glow Drivers","MCD518"
"http://newsite.centralhobbies.com/rc_plane/plane_electrical/glowdrivers.html","Electrical","Glow Drivers","MCD508"
"http://newsite.centralhobbies.com/rc_plane/plane_electrical/glowdrivers.html","Electrical","Glow Drivers","RCALIGDBL"
"http://newsite.centralhobbies.com/rc_plane/plane_electrical/glowdrivers.html","Electrical","Glow Drivers","RCALIGDY"
"http://newsite.centralhobbies.com/rc_plane/plane_electrical/glowdrivers.html","Electrical","Glow Drivers","DUB337"
"http://newsite.centralhobbies.com/rc_plane/plane_electrical/glowdrivers.html","Electrical","Glow Drivers","DUB338"
"http://www.centralhobbies.com/control_linkage/Hangar9/Hanger%20Pro%20Links.htm","Control Linkage","Hanger 9 Pro Links","han3550"
"http://www.centralhobbies.com/control_linkage/Hangar9/Hanger%20Pro%20Links.htm","Control Linkage","Hanger 9 Pro Links","han3551"
"http://www.centralhobbies.com/control_linkage/Hangar9/Hanger%20Pro%20Links.htm","Control Linkage","Hanger 9 Pro Links","han3552"
"http://www.centralhobbies.com/control_linkage/Hangar9/Hanger%20Pro%20Links.htm","Control Linkage","Hanger 9 Pro Links","han3553"
"http://www.centralhobbies.com/control_linkage/Hangar9/Hanger%20Pro%20Links.htm","Control Linkage","Hanger 9 Pro Links","han3554"
"http://www.centralhobbies.com/control_linkage/Hangar9/Hanger%20Pro%20Links.htm","Control Linkage","Hanger 9 Pro Links","han3555"
"http://www.centralhobbies.com/control_linkage/Hangar9/Hanger%20Pro%20Links.htm","Control Linkage","Hanger 9 Pro Links","han3556"
"http://www.centralhobbies.com/control_linkage/Hangar9/Hanger%20Pro%20Links.htm","Control Linkage","Hanger 9 Pro Links","han3557"
"http://newsite.centralhobbies.com/rc_plane/plane_electrical/leds.html","Electrical","LED's & Indicator Lights","ETKR4E"
"http://newsite.centralhobbies.com/rc_plane/plane_electrical/leds.html","Electrical","LED's & Indicator Lights","ETKR4R"
"http://newsite.centralhobbies.com/rc_plane/plane_electrical/leds.html","Electrical","LED's & Indicator Lights","ETKR7E"
"http://newsite.centralhobbies.com/rc_plane/plane_electrical/leds.html","Electrical","LED's & Indicator Lights","ETKT4E"
"http://www.centralhobbies.com/Engines/air_filters.html","Engines and Accessories","Air Filters","NMPAFLTR"
"http://www.centralhobbies.com/Engines/air_filters.html","Engines and Accessories","Air Filters","TET1988"
"http://www.centralhobbies.com/Engines/air_filters.html","Engines and Accessories","Air Filters","TET1987"
"http://newsite.centralhobbies.com/rc_plane/plane_electrical/heat_shrink_tubing.html","Electrical","Heat Shrink Tubing","DUB436"
"http://newsite.centralhobbies.com/rc_plane/plane_electrical/heat_shrink_tubing.html","Electrical","Heat Shrink Tubing","DUB437"
"http://newsite.centralhobbies.com/rc_plane/plane_electrical/heat_shrink_tubing.html","Electrical","Heat Shrink Tubing","DUB438"
"http://newsite.centralhobbies.com/rc_plane/plane_electrical/heat_shrink_tubing.html","Electrical","Heat Shrink Tubing","DUB439"
"http://newsite.centralhobbies.com/rc_plane/plane_electrical/heat_shrink_tubing.html","Electrical","Heat Shrink Tubing","DUB440"
"http://newsite.centralhobbies.com/rc_plane/plane_electrical/heat_shrink_tubing.html","Electrical","Heat Shrink Tubing","DUB441"
"http://newsite.centralhobbies.com/rc_plane/plane_electrical/heat_shrink_tubing.html","Electrical","Heat Shrink Tubing","DUB435"
"http://newsite.centralhobbies.com/rc_plane/plane_electrical/power_panels.html","Electrical","Power Panels","HCAP0302"
"http://newsite.centralhobbies.com/rc_plane/plane_electrical/starters.html","Electrical","Starters","HAN161"
"http://newsite.centralhobbies.com/rc_plane/plane_electrical/starters.html","Electrical","Starters","SUL601"
"http://newsite.centralhobbies.com/rc_plane/plane_electrical/starters.html","Electrical","Starters","SUL603"
"http://newsite.centralhobbies.com/rc_plane/plane_electrical/starters.html","Electrical","Starters","HCAP3200"
"http://www.centralhobbies.com/Engines/mounts/davebrown.html","Engines and Accessories","Engine Mounts","DAV1035"
"http://www.centralhobbies.com/Engines/mounts/davebrown.html","Engines and Accessories","Engine Mounts","DAV1040"
"http://www.centralhobbies.com/Engines/mounts/davebrown.html","Engines and Accessories","Engine Mounts","DAV1100"
"http://www.centralhobbies.com/Engines/mounts/davebrown.html","Engines and Accessories","Engine Mounts","DAV1105"
"http://www.centralhobbies.com/Engines/mounts/davebrown.html","Engines and Accessories","Engine Mounts","DAV4041"
"http://www.centralhobbies.com/Engines/mounts/davebrown.html","Engines and Accessories","Engine Mounts","DAV4045"
"http://www.centralhobbies.com/Engines/mounts/davebrown.html","Engines and Accessories","Engine Mounts","DAV4650"
"http://www.centralhobbies.com/Engines/mounts/davebrown.html","Engines and Accessories","Engine Mounts","DAV5060"
"http://www.centralhobbies.com/Engines/mounts/davebrown.html","Engines and Accessories","Engine Mounts","DAV6004"
"http://www.centralhobbies.com/Engines/mounts/Dubro%20Motor%20Mounts.html","Engines and Accessories","Engine Mounts","DUB655"
"http://www.centralhobbies.com/Engines/mounts/Dubro%20Motor%20Mounts.html","Engines and Accessories","Engine Mounts","DUB655"
"http://www.centralhobbies.com/Engines/mounts/Dubro%20Motor%20Mounts.html","Engines and Accessories","Engine Mounts","DUB682"
"http://www.centralhobbies.com/Engines/mounts/Dubro%20Motor%20Mounts.html","Engines and Accessories","Engine Mounts","DUB684"
"http://www.centralhobbies.com/Engines/mounts/Dubro%20Motor%20Mounts.html","Engines and Accessories","Engine Mounts","DUB689"
"http://newsite.centralhobbies.com/rc_plane/plane_electrical/switch_harnesses.html","Electrical","Switch Harnesses","EMO0021"
"http://newsite.centralhobbies.com/rc_plane/plane_electrical/switch_harnesses.html","Electrical","Switch Harnesses","ETKRSW-S1"
"http://newsite.centralhobbies.com/rc_plane/plane_electrical/switch_harnesses.html","Electrical","Switch Harnesses","ETKRSW-S2"
"http://newsite.centralhobbies.com/rc_plane/plane_electrical/switch_harnesses.html","Electrical","Switch Harnesses","JRPA004"
"http://newsite.centralhobbies.com/rc_plane/plane_electrical/switch_harnesses.html","Electrical","Switch Harnesses","EMOM0019"
"http://newsite.centralhobbies.com/rc_plane/plane_electrical/switch_harnesses.html","Electrical","Switch Harnesses","EMOM0020"
"http://newsite.centralhobbies.com/rc_plane/plane_electrical/switch_harnesses.html","Electrical","Switch Harnesses","EM0EM0022"
"http://newsite.centralhobbies.com/rc_plane/plane_electrical/switch_harnesses.html","Electrical","Switch Harnesses","JRPA001"
"http://newsite.centralhobbies.com/rc_plane/plane_electrical/switch_harnesses.html","Electrical","Switch Harnesses","JRPA003"
"http://newsite.centralhobbies.com/rc_plane/plane_electrical/switch_harnesses.html","Electrical","Switch Harnesses","JRPA012"
"http://newsite.centralhobbies.com/rc_plane/plane_electrical/switch_harnesses.html","Electrical","Switch Harnesses","MPI1570"
"http://newsite.centralhobbies.com/rc_plane/plane_electrical/switch_harnesses.html","Electrical","Switch Harnesses","JOPSVR51"
"http://newsite.centralhobbies.com/rc_plane/plane_electrical/switch_harnesses.html","Electrical","Switch Harnesses","JOPSVR57"
"http://newsite.centralhobbies.com/rc_plane/plane_electrical/switch_harnesses.html","Electrical","Switch Harnesses","JOPSVR60"
"http://newsite.centralhobbies.com/rc_plane/plane_electrical/glow_plug_jacks.html","Electrical","Glow Plug Jacks","DUB793"
"http://newsite.centralhobbies.com/rc_plane/plane_electrical/glow_plug_jacks.html","Electrical","Glow Plug Jacks","DUB794"
"http://newsite.centralhobbies.com/rc_plane/plane_electrical/glow_plug_jacks.html","Electrical","Glow Plug Jacks","MCD443"
"http://newsite.centralhobbies.com/rc_plane/plane_electrical/glow_plug_jacks.html","Electrical","Glow Plug Jacks","SULM021"
"http://newsite.centralhobbies.com/rc_plane/plane_electrical/glow_plug_jacks.html","Electrical","Glow Plug Jacks","SULM022"
"http://newsite.centralhobbies.com/rc_plane/plane_electrical/glow_plug_jacks.html","Electrical","Glow Plug Jacks","SULM056"
"http://www.centralhobbies.com/Engines/mounts/Gator%20Adjustable%20Beam.html","Engines and Accessories","Gator Engine Mounts","GRCXSNS"
"http://newsite.centralhobbies.com/rc_plane/plane_electrical/voltage_regulators.html","Electrical","Voltage Regulators","JOPVR51"
"http://newsite.centralhobbies.com/rc_plane/plane_electrical/voltage_regulators.html","Electrical","Voltage Regulators","JOPVR57"
"http://newsite.centralhobbies.com/rc_plane/plane_electrical/voltage_regulators.html","Electrical","Voltage Regulators","JOPVR60"
"http://www.centralhobbies.com/Engines/mounts/hydmnts.html","Engines and Accessories","Hyde Soft Mounts","HCMYS70A"
"http://www.centralhobbies.com/Engines/mounts/hydmnts.html","Engines and Accessories","Hyde Soft Mounts","HCMYS115A"
"http://www.centralhobbies.com/Engines/mounts/hydmnts.html","Engines and Accessories","Hyde Soft Mounts","HCMCMKIII"
"http://www.centralhobbies.com/Engines/mounts/hydmnts.html","Engines and Accessories","Hyde Soft Mounts","HCMCRMKIII"
"http://www.centralhobbies.com/Engines/mounts/hydmnts.html","Engines and Accessories","Hyde Soft Mounts","HCM4080AJ"
"http://www.centralhobbies.com/Engines/mounts/hydmnts.html","Engines and Accessories","Hyde Soft Mounts","HCM90115AJ"
"http://www.centralhobbies.com/Engines/mounts/hydmnts.html","Engines and Accessories","Hyde Soft Mounts","HCM12020AJ"
"http://www.centralhobbies.com/Engines/mounts/hydmnts.html","Engines and Accessories","Hyde Soft Mounts","HCM21030AJ"
"http://www.centralhobbies.com/Engines/mounts/hydmnts.html","Engines and Accessories","Hyde Soft Mounts","HCMA60"
"http://www.centralhobbies.com/Engines/mounts/hydmnts.html","Engines and Accessories","Hyde Soft Mounts","HCMYS70A"
"http://www.centralhobbies.com/Engines/mounts/hydmnts.html","Engines and Accessories","Hyde Soft Mounts","HCMYS115A"
"http://www.centralhobbies.com/Engines/mounts/hydmnts.html","Engines and Accessories","Hyde Soft Mounts","HCMCMIII"
"http://www.centralhobbies.com/Engines/mounts/hydmnts.html","Engines and Accessories","Hyde Soft Mounts","HCMAR70"
"http://www.centralhobbies.com/Engines/mounts/hydmnts.html","Engines and Accessories","Hyde Soft Mounts","HCMAR80"
"http://www.centralhobbies.com/Engines/mounts/hydmnts.html","Engines and Accessories","Hyde Soft Mounts","HCMMLR80"
"http://www.centralhobbies.com/Engines/mounts/hydmnts.html","Engines and Accessories","Hyde Soft Mounts","HCMLR85"
"http://www.centralhobbies.com/Engines/mounts/hydmnts.html","Engines and Accessories","Hyde Soft Mounts","HCMY14ARSA"
"http://www.centralhobbies.com/Engines/mounts/hydmnts.html","Engines and Accessories","Hyde Soft Mounts","HCMCRMIII"
"http://www.centralhobbies.com/Engines/mounts/hydmnts.html","Engines and Accessories","Hyde Soft Mounts","HCMLRI80"
"http://www.centralhobbies.com/Engines/mounts/hydmnts.html","Engines and Accessories","Hyde Soft Mounts","HCMLRIY115"
"http://www.centralhobbies.com/Engines/mounts/hydmnts.html","Engines and Accessories","Hyde Soft Mounts","HCMLRI85"
"http://www.centralhobbies.com/Engines/mounts/hydmnts.html","Engines and Accessories","Hyde Soft Mounts","HCMY140ARI"
"http://www.centralhobbies.com/Engines/mounts/hydmnts.html","Engines and Accessories","Hyde Soft Mounts","HCMY16ARIA"
"http://www.centralhobbies.com/Engines/mounts/hydmnts.html","Engines and Accessories","Hyde Soft Mounts","HCMY16RISA"
"http://newsite.centralhobbies.com/rc_plane/plane_exhaust_system/exhaust_adapters.html","Exhaust System","Exhaust Adapters & Nuts","NMPYS63AB"
"http://newsite.centralhobbies.com/rc_plane/plane_exhaust_system/exhaust_adapters.html","Exhaust System","Exhaust Adapters & Nuts","NMPS5065AB"
"http://newsite.centralhobbies.com/rc_plane/plane_exhaust_system/exhaust_adapters.html","Exhaust System","Exhaust Adapters & Nuts","NMPMA90"
"http://newsite.centralhobbies.com/rc_plane/plane_exhaust_system/exhaust_adapters.html","Exhaust System","Exhaust Adapters & Nuts","NMPYS7210AB"
"http://newsite.centralhobbies.com/rc_plane/plane_exhaust_system/exhaust_adapters.html","Exhaust System","Exhaust Adapters & Nuts","NMPAEA"
"http://newsite.centralhobbies.com/rc_plane/plane_exhaust_system/exhaust_adapters.html","Exhaust System","Exhaust Adapters & Nuts","NMPSEA"
"http://newsite.centralhobbies.com/rc_plane/plane_exhaust_system/exhaust_adapters.html","Exhaust System","Exhaust Adapters & Nuts","HAT602"
"http://www.centralhobbies.com/Engines/mounts/YS%20Super%20Mount2.html","Engines and Accessories","YS Super Mount","YSE0003"
"http://www.centralhobbies.com/Engines/ys/YS%20Parts.html","Engines and Accessories","YS parts for YS motor Mounts","YS4935"
"http://www.centralhobbies.com/Engines/ys/YS%20Parts.html","Engines and Accessories","YS parts for YS motor Mounts","YS4940"
"http://www.centralhobbies.com/Engines/ys/YS%20Parts.html","Engines and Accessories","YS parts for YS motor Mounts","YS4945"
"http://www.centralhobbies.com/Engines/ys/YS%20Parts.html","Engines and Accessories","YS parts for YS motor Mounts","YS4950"
"http://www.centralhobbies.com/Engines/ys/YS%20Parts.html","Engines and Accessories","YS parts for YS motor Mounts","YS4965"
"http://www.centralhobbies.com/Engines/ys/YS%20Parts.html","Engines and Accessories","YS parts for YS motor Mounts","YS4970"
"http://www.centralhobbies.com/Engines/ys/YS%20Parts.html","Engines and Accessories","YS parts for YS motor Mounts","YS4975"
"http://www.centralhobbies.com/Engines/ys/YS%20Parts.html","Engines and Accessories","YS parts for YS motor Mounts","YS4985"
"http://www.centralhobbies.com/Engines/ys/YS%20Parts.html","Engines and Accessories","YS parts for YS motor Mounts","YS4990"
"http://www.centralhobbies.com/Engines/ys/YS%20Parts.html","Engines and Accessories","YS parts for YS motor Mounts","YS6260"
"http://www.centralhobbies.com/Engines/ys/YS%20Parts.html","Engines and Accessories","YS parts for YS motor Mounts","YS6265"
"http://newsite.centralhobbies.com/rc_plane/plane_exhaust_system/exhaust_deflectors_stoppers.html","Exhaust System","Rear Exhaust","CHSO25S"
"http://newsite.centralhobbies.com/rc_plane/plane_exhaust_system/exhaust_deflectors_stoppers.html","Exhaust System","Rear Exhaust","HAT139"
"http://newsite.centralhobbies.com/rc_plane/plane_exhaust_system/exhaust_deflectors_stoppers.html","Exhaust System","Rear Exhaust","DUB696"
"http://newsite.centralhobbies.com/rc_plane/plane_exhaust_system/exhaust_deflectors_stoppers.html","Exhaust System","Rear Exhaust","DUB697"
"http://newsite.centralhobbies.com/rc_plane/plane_exhaust_system/exhaust_deflectors_stoppers.html","Exhaust System","Rear Exhaust","HCAP2175"
"http://newsite.centralhobbies.com/rc_plane/plane_exhaust_system/exhaust_deflectors_stoppers.html","Exhaust System","Rear Exhaust","HCAP2150"
"http://newsite.centralhobbies.com/rc_plane/plane_exhaust_system/exhaust_deflectors_stoppers.html","Exhaust System","Rear Exhaust","HCAP2180"
"http://newsite.centralhobbies.com/rc_plane/plane_exhaust_system/exhaust_stacks.html","Exhaust System","Exhaust Stacks","NMPES75S"
"http://newsite.centralhobbies.com/rc_plane/plane_exhaust_system/exhaust_stacks.html","Exhaust System","Exhaust Stacks","NMPES90S"
"http://newsite.centralhobbies.com/rc_plane/plane_exhaust_system/exhaust_stacks.html","Exhaust System","Exhaust Stacks","NMPESSS"
"http://newsite.centralhobbies.com/rc_plane/plane_exhaust_system/exhaust_stacks.html","Exhaust System","Exhaust Stacks","NMPARS"
"http://www.centralhobbies.com/Engines/nose_rings.html","Engines and Accessories","Nose Rings","CHMNRYS140"
"http://www.centralhobbies.com/Engines/nose_rings.html","Engines and Accessories","Nose Rings","CHMNROS140"
"http://www.centralhobbies.com/Engines/nose_rings.html","Engines and Accessories","Nose Rings","DAVNLR1090"
"http://www.centralhobbies.com/Engines/nose_rings.html","Engines and Accessories","Nose Rings","CHMNRO"
"http://www.centralhobbies.com/Engines/After%20Run%20Oil.html","Engines and Accessories","After Run Oil","MGMAR04"
"http://newsite.centralhobbies.com/rc_plane/plane_engines_&_motors/ys_engines.html","Engines and Accessories","YS Engines","YSE0068"
"http://newsite.centralhobbies.com/rc_plane/plane_engines_&_motors/ys_engines.html","Engines and Accessories","YS Engines","YSE0016"
"http://newsite.centralhobbies.com/rc_plane/plane_engines_&_motors/ys_engines.html","Engines and Accessories","YS Engines","YSE0018"
"http://newsite.centralhobbies.com/rc_plane/plane_engines_&_motors/ys_engines.html","Engines and Accessories","YS Engines","YSE0067"
"http://newsite.centralhobbies.com/rc_plane/plane_engines_&_motors/ys_engines.html","Engines and Accessories","YS Engines","YSE0093"
"http://newsite.centralhobbies.com/rc_plane/plane_engines_&_motors/ys_engines.html","Engines and Accessories","YS Engines","YSE0032"
"http://newsite.centralhobbies.com/rc_plane/plane_engines_&_motors/ys_engines.html","Engines and Accessories","YS Engines","YSE0013"
"http://newsite.centralhobbies.com/rc_plane/plane_engines_&_motors/ys_engines.html","Engines and Accessories","YS Engines","YSE0031"
"http://newsite.centralhobbies.com/rc_plane/plane_engines_&_motors/ys_engines.html","Engines and Accessories","YS Engines","YSE0022"
